{
  "data": [
    {
      "name": "Eric",
      "apples": 10,
      "oranges": 3,
      "grapes": 5
    },
    {
      "name": "Mary",
      "apples": 7,
      "oranges": 2,
      "grapes": 15
    },
    {
      "name": "John",
      "apples": 5,
      "oranges": 2,
      "grapes": 6
    },
    {
      "name": "Bob",
      "apples": 2,
      "oranges": 3,
      "grapes": 12
    },
    {
      "name": "Joe",
      "apples": 19,
      "oranges": 1,
      "grapes": 10
    },
    {
      "name": "Macy",
      "apples": 13,
      "oranges": 4,
      "grapes": 8
    }
  ]
}