{"aggregations": {
      "range": {
         "buckets": [
            {
               "key": "2015-09-01-2015-09-06",
               "from": 1438387200000,
               "from_as_string": "2015-09-01",
               "to": 1439887263174,
               "to_as_string": "2015-09-06",
               "doc_count": 154446,
               "netamt_sum": {
                  "value": 10962400.254999802
               }
            },
            {
               "key": "2015-09-01-2015-10-01",
               "from": 1438387200000,
               "from_as_string": "2015-09-01",
               "to": 1441065600000,
               "to_as_string": "2015-10-01",
               "doc_count": 294374,
               "netamt_sum": {
                  "value": 20785997.118001383
               }
            },
            {
               "key": "2015-10-01-2015-10-06",
               "from": 1441065600000,
               "from_as_string": "2015-10-01",
               "to": 1442565663174,
               "to_as_string": "2015-10-06",
               "doc_count": 168946,
               "netamt_sum": {
                  "value": 11977010.647999983
               }
            }
         ]
      }
   }
 }