{"aggregations": {
      "net_agg": {
         "doc_count_error_upper_bound": 0,
         "sum_other_doc_count": 2690,
         "buckets": [
            {
               "key": "Parts",
               "doc_count": 10127,
               "catalog_sum": {
                  "value": 1070.99
               }
            },
            {
               "key": "Search",
               "doc_count": 2726,
               "catalog_sum": {
                  "value": 1482.29
               }
            }
         ]
      }
   }
 }