{"aggregations": {
     "net_agg": {
        "doc_count_error_upper_bound": 0,
        "sum_other_doc_count": 2620,
        "buckets": [
           {
              "key": "Pb",
              "doc_count": 10199,
              "netamt_sum": {
                 "value": 5578.33
              }
           },
           {
              "key": "Pa",
              "doc_count": 3628,
              "netamt_sum": {
                 "value": 4467.781999999999
              }
           }
        ]
     }
  }
}