{"aggregations": {
      "net_agg": {
         "doc_count_error_upper_bound": 0,
         "sum_other_doc_count": 521,
         "buckets": [
            {
               "key": "MyPlace",
               "doc_count": 12064,
               "service_sum": {
                  "value": 8390.599
               }
            },
            {
               "key": "aesServer",
               "doc_count": 3862,
               "service_sum": {
                  "value": 5814.4929999999995
               }
            }
         ]
      }
   }
 }