{
	"aggregations": {
	      "range": {
	         "buckets": [
	            {
	               "key": "2014-01-01-2014-10-06",
	               "from": 1388534400000,
	               "from_as_string": "2014-01-01",
	               "to": 1411028116756,
	               "to_as_string": "2014-10-06",
	               "doc_count": 0,
	               "netamt_sum": {
	                  "value": 0
	               }
	            },
	            {
	               "key": "2014-01-01-2015-01-01",
	               "from": 1388534400000,
	               "from_as_string": "2014-01-01",
	               "to": 1420070400000,
	               "to_as_string": "2015-01-01",
	               "doc_count": 0,
	               "netamt_sum": {
	                  "value": 0
	               }
	            },
	            {
	               "key": "2015-01-01-2015-10-06",
	               "from": 1420070400000,
	               "from_as_string": "2015-01-01",
	               "to": 1442564116756,
	               "to_as_string": "2015-10-06",
	               "doc_count": 2305089,
	               "netamt_sum": {
	                  "value": 159015902.50490883
	               }
	            }
	         ]
	      }
	   }
}